{
  "project_info": {
    "project_number": "86656497044",
    "firebase_url": "https://list-app-243d2.firebaseio.com",
    "project_id": "list-app-243d2",
    "storage_bucket": "list-app-243d2.appspot.com"
  },
  "client": [
    {
      "client_info": {
        "mobilesdk_app_id": "1:86656497044:android:015af63add004e49",
        "android_client_info": {
          "package_name": "com.listapp"
        }
      },
      "oauth_client": [
        {
          "client_id": "86656497044-b8j7gr6vkafaq7ir4k5pfrb77vm1e870.apps.googleusercontent.com",
          "client_type": 1,
          "android_info": {
            "package_name": "com.listapp",
            "certificate_hash": "e10bdba1295efa1ef268e9dc76f5c4e8419da314"
          }
        },
        {
          "client_id": "86656497044-mmvfgkmre260u2a408gtn010bd5gbupm.apps.googleusercontent.com",
          "client_type": 3
        }
      ],
      "api_key": [
        {
          "current_key": "AIzaSyDn7dstwLh4O2T46l1ojPhrtv0gEtzdGMQ"
        }
      ],
      "services": {
        "analytics_service": {
          "status": 1
        },
        "appinvite_service": {
          "status": 2,
          "other_platform_oauth_client": [
            {
              "client_id": "86656497044-mmvfgkmre260u2a408gtn010bd5gbupm.apps.googleusercontent.com",
              "client_type": 3
            }
          ]
        },
        "ads_service": {
          "status": 2
        }
      }
    },
    {
      "client_info": {
        "mobilesdk_app_id": "1:86656497044:android:7ba6d962d98109d0",
        "android_client_info": {
          "package_name": "com.listapp.in"
        }
      },
      "oauth_client": [
        {
          "client_id": "86656497044-mmvfgkmre260u2a408gtn010bd5gbupm.apps.googleusercontent.com",
          "client_type": 3
        }
      ],
      "api_key": [
        {
          "current_key": "AIzaSyDn7dstwLh4O2T46l1ojPhrtv0gEtzdGMQ"
        }
      ],
      "services": {
        "analytics_service": {
          "status": 1
        },
        "appinvite_service": {
          "status": 1,
          "other_platform_oauth_client": []
        },
        "ads_service": {
          "status": 2
        }
      }
    }
  ],
  "configuration_version": "1"
}